,token0symbol
WBNB,427964
CAKE,151815
SAFEMOON,118916
USDT,44648
SHIB,29083
FINE,18581
IOTX,4568
TBAKE,3010
UST,3009
ZEP,2978
WETH,2930
ETH,2153
CARMA,1949
GABECOIN,1790
CORGIB,1784
SAFEMARS,1756
MIST,1689
BURGER,1683
SAFESUN,1652
SBYTE,1610
SAFESTAR,1540
WSB,1495
BUNNY,1370
BUSD,1369
MOONLIGHT,1334
QUICK,1101
YUANG,1097
FOGE,1089
PEPE,1080
KUN,1078
XDOGE,1019
CELL,917
XBN,907
WDEFI,888
SFUND,881
MNSTP,838
WGOLD,814
BHIBA,765
WILLIE,729
XRP2,692
PAL,692
DRFT,664
AIN,663
LBTC,614
GOAT,600
WHEAT,593
MOFI,584
TLOS,584
LOCKCHAIN,570
HODLCOIN,545
SAVEANIMAL,519
TRIAS,515
TYPH,463
MDG,462
$BREAST,452
GREEN,446
DAI,443
LAVA,440
XVS,431
GRIMEX,422
PINKMOON,412
BAT,406
HOKI,398
VAI,395
GBT,389
BTCB,371
PTE,367
CDOGE,363
MELLO,361
POKEMOON,349
WBTC,348
KASHIBA,341
KET,339
TEASE,335
SHIELD FINANCE,331
LIGHT,319
RNB,315
THANOS,313
DOPEAF,313
BBT,312
BIRD,310
FLX,309
AIRT,289
DOGE1,280
DEEZ,278
CATC,277
KTN,273
OCTAX,272
MOONSTERS,268
COLL,267
NLK,267
MADMOON,259
LTMSU,255
TT,247
MUSLUMBABA,247
BASD,246
KENNEL,243
ESPRESSO,239
VAIVO,237
CCAKE,231
NIGICAT,228
SAVE,228
DIVINE,226
BC,224
MEOW,221
FFS2,221
CR,217
LDO,213
BUFFDOGE,211
GREENMARS,203
TFC,201
LOL,201
XCAD,198
WOOINU,198
DOVE,197
NIIFI,191
MILIS,191
FWATCH,190
DOGERO,184
MNKE,183
CTL,183
WSHIBA,182
LEAD,179
WHIRL,178
SSF,177
BUDA,177
NINJATO,176
FXT,175
FROGELON,172
ONFTS,171
VRX,170
TWIN,168
YUUMA,168
PDTR,166
BREW,165
LAGOON,165
FRUIT,165
GFLY,164
USDG,164
ASAMOON,162
HUSKIES,157
WISE,157
HUSK,155
DEXE,154
FTECH,154
ISLINU,151
ZOOC,149
NIMBUS,145
REIS,144
SAT,143
SF,143
EBM,140
ü¶äFOXYDOGE,140
HARP,139
CLEARMOON,135
MSC,134
FFD,134
BALLS,131
PET,131
KIR,131
ANIMEMOON,130
FDOG,129
STRO,129
BEAGLE,126
DICKIES,126
DGCL,125
BIGBRAIN,125
ZEE,124
POLAR,122
PRT,121
COSMOAPE,120
LAMBORUSH,118
FREEPALESTINE,118
UNU,117
BABYPIG,116
CTF,115
GRZX,114
FRAX,114
STRK,113
EXF,112
BTT,110
USE,110
CADY,110
SFD,108
SAFECAKE,108
APYS,107
WEED,106
PHAR,104
TCMC,104
PUMP,103
ATM,102
MOONGENIE,102
SWHALE,101
WBR,101
ICONETWORK,101
EXV,101
GOT,100
SUSFI,100
CLIMB,100
PUNCH,98
WLT,97
PANDA,97
NFT SPORT,96
BLK,96
SAFEICP,95
JI,94
DOGEV,94
X1KN,94
UPCAT,93
DGNZ,93
ROCKETMAN,93
LA,93
RHF,93
51NFT,92
PUG,92
EWTB,92
MEMELON,92
BSCGOLD,91
GOKU,91
BURN,90
OLIFE,90
CFN,89
LAVABTC,87
CHUBCHOW,87
VP,86
MAD,86
BR,86
YODL,85
MS,85
TREE,82
ORCA,82
DFX,81
TESLF,81
LACA,81
NMASK,81
CRU,80
PDOG,80
UAPE,79
LTM,79
ALPHR,78
JWC,78
PIG,78
BZRX,78
GOLD,77
YMOON,77
BKPR,77
LEMON,77
KEN,77
GS,76
HOLD,75
HODLUPMOON,75
ZOO,75
SAFEBABYPANDA,74
GOD,74
CRD,74
VSHIBA,73
XRP,72
WPIKE-ORC,72
CE,72
OGC,72
BOR,72
OA,72
WAVES,71
ACORGI,70
MARSDOGE,69
DLH,68
SPACENYAN,68
ROYALMOON,68
PI,67
SGEM,67
HACHIKO,66
YTSLA,66
BHC,66
STICK,65
ZDCASH,65
Œ§BTC,65
SPORTON,64
UNIDX,64
SCOW,64
WLF,64
KIT,64
EL,64
SMASH,63
AD,62
BOG,62
LDOTA,61
SML,61
IDNA,61
NFTS,61
UPI,60
SHOGE,60
ADEL,60
MVN,58
EOS,58
YAX,58
FREE,58
CMSHOT,57
B0B0,57
PSC,57
CVC,56
MONKEY,56
ONI,55
LEMONS,55
MNFLX,55
LED,55
GADEX,55
BIGC,54
IMOON,54
AYOBU,54
OCTAG,53
BSCX,53
STC,52
MOCHA,52
SPIDER,52
ADA,52
WATCH,52
PEPR,52
PCAKE,52
ATATURK,51
MINU,51
FUKU,51
BOOMB,50
SOLITUDE,50
PUPPY,50
MT,50
GINU,50
WRBT,50
QTM,49
YBHONEY,49
UTDK,49
LEGION,49
SAFETUTOR,49
PRQ,49
APT,48
RAT,48
LEP,48
PURESHIBA,48
INFMOON,48
POLITE,47
YTOFU,47
SFCF,47
ASHIBA,46
ELONDUMPER,46
SONIC,46
YSHIBA,45
MG,45
REVO,45
GGININDER,45
CMS,45
DPUNCH,45
BEER,45
MGIRLS,43
STARSHIP,43
COCK,43
BEEF,42
USDC,42
FUCKCUNT,41
RF,41
SLING,41
ADOG,41
PUSSYWEED,41
CSHIB,40
RKYU,40
HINU,40
BIDR,39
LITC,39
SLOON,39
DOFI,39
WLQX,39
IINU,39
CYC,39
ADAM,39
BSCOOBI,39
XYO,38
OREN,38
CC,38
APPLEB,38
TOKENAPES,37
QPOODLE,37
FOREST,37
WHALEMAKER,37
ORION,36
$SHU,36
GOLDCAKE,36
ORO,36
XRGE,36
RZX,36
AFEN,36
SOUL,36
EVO,36
GIGABERLINSUPPLIERS,36
KNIGHT,36
COVAL,35
ELONPUTA,35
EDC,35
MOON,35
LCT,34
SPORE,34
MOONRIDER,33
KINGSTON,33
PPDOGE,33
BNS,33
LAMBO,33
DOGEN,33
PSY,33
DDG,32
BW,32
9GAG,32
SHISYS,32
COOLDOWN,32
ANTIWAVE,31
VAMP,31
GMC,31
BT,31
PRNS,31
DOGEFAMILY,31
QND,31
STRADE,31
SHIBA,31
MUSKGATE,30
MOUS,30
SAFEGAME,30
EXZO,30
GHT,30
EGGP,29
DINGO,29
POS,29
RKB,29
ST,29
ENF,29
SDFI,29
SADBOY,28
SHIRO,28
DLP,28
PORNHUB,28
PNRKT,28
WWS,27
SFJ,27
AFT,27
BIDROP,27
GMOON,27
SBUNNY,27
SHIBAP,27
DROPS,27
CM,27
FF,27
SBC,27
GOKUSHIB,26
SEMB,26
KIMJ,26
NINJA,26
SAFENUTSACK,26
SEIRIN DOG,26
IDLE,26
WSTREET,26
VEYAH,26
MDOGE,26
RAD,26
CAT,26
HENTAITEN,26
RONU,26
MKT,25
AMUSK,25
MARVIN,25
CHIP,25
MLYEAR,25
INA INU,25
TITO,25
MRSATAN,25
DC,25
ACB,25
TCHAIN,25
ITGR,25
AMZC,25
SOPRIDE,24
GABE,24
MONO,24
KYUUBI INU,24
COW,24
MODELSPLAID,24
NUTS,24
DHOPE,24
STANDUP,24
ANTIDOGE,24
PEA,24
GODB,24
CSNR,23
SPCSDS,23
SLITTLE,23
FA,23
CUMSOCKS,23
SPNII,23
AXC,23
PROMATE,23
HLAND,23
KINGKOIN,23
EXCL,23
SX,22
LAPANDA,22
HAKKA,22
LOBSTER,22
RTS,22
FAIRCROW,22
TFT,22
OWL,22
QUEEFSISTERS,22
SAFEGOLD,22
MMOONAPPLE,22
100T,22
CLOUD,22
RFIS,22
VITACAT,21
CLOWNELON,21
MC,21
ADOGE,21
TODAMOON,21
CHR,21
PBTC,21
DFT,21
FE,21
TG,21
VERI,21
UM,21
RAI,21
MOUSE,21
SCOIN,20
ES,20
SPCALIEN,20
FAIR,20
MAXMOON,20
FARM,20
BADGER,20
KOK,20
EMOON,20
FOR,20
GEMNFT,20
BEARTEARS,20
SPRAY,20
KTY,20
LMOON,20
SBASE,20
GUMB,20
FKRUG,20
SD,20
BDO,20
WARIO,20
CHNESE,20
SHAKE,19
WORKMOON,19
SAFU,19
CUM,19
HT,19
YMMN,19
STARSHIB,19
MAMBA,19
BELT,19
UNI,19
CLON,19
DINHOSHU,19
MOON10000X,19
HEN,19
9TAILS,19
GOUDA,19
JUST,18
BLINK,18
BONE,18
DRAGE,18
NPAY,18
PLT,18
KAI,18
PYTH,18
PLATINU,18
LOF,18
BONA,18
AVATAR,18
1MDB,18
EPS,18
METH,18
MCWATER,18
ARMSHIB,18
BBS,17
CATMOON,17
ISLA,17
BOGDANOFF,17
INU,17
ELONSNUTS,17
$LF,17
HOKK,17
SWM,17
DART,17
PUGICORN,17
MNC,17
DKM,17
AMN,17
CLMNS,17
SBIT,17
BMS,17
TOYOTA,17
ETB,17
SLR,16
RAGAMUFFIN üêà,16
ACZ,16
DUSD,16
STOP,16
POPEYE,16
DDOGE,16
DSLA,16
WEAPON,16
JEFUS,16
YOLOH,16
AUSSIE,16
$HUSKY,16
DP,16
SPARTA,16
MARSUNIV,16
FOX,16
MOONHOWL,16
ILD,16
HORD,16
SHARK,15
$NECKMN,15
UEFA,15
TCPI4,15
YFT,15
DDT,15
SCX,15
UNIROCKET,15
BULL,15
LBNB,15
LEASH,15
KAWAI,15
KEX,15
AA,15
TM,15
ICEAGED,15
SPYHNXCOIN,15
BIGSUSHI,15
üíãONLYFANS,15
RNG,15
COVID,15
EARTH,15
KITTY,15
PITAPE,15
HUMANITYTOKEN,15
BABYFOX,15
APEZILLA,15
ASTMY,14
FIREMOON,14
SSHIB,14
CARAMELCANDY,14
MIGHTY,14
TRISM,14
NEMO,14
MM,14
AR,14
TBSC,14
MEGATOKEN ,14
FEWA,14
SNLM,14
$SNL,14
HYPERNUKEFALCON,14
MAYF,14
PYC,14
VLT,14
LLAMA,14
ELONBREAK,14
$D1-ORIGINAL,14
SPTZ,13
100XSHIBA,13
ZEFI,13
DMAX,13
LIST,13
FKX,13
RAYM,13
MEMN,13
BCU,13
HDINU,13
LOTTO,13
SHEEP,13
COM,13
RBEAR,13
CHOWCHOW,13
KINGPANDA,13
COCAINE,13
FID,13
MOM,13
AMC,13
MMV,13
CHD,13
GROW,13
PRAMA,13
ALLEGIANT,13
KAREN,13
MOONOGEINU,13
AUSTINSOCKS,13
TVM,13
AKITACASH,12
TESLA,12
MOG,12
CDOGS,12
BABYSHARK,12
NMXTESTLAUNCH,12
ML,12
WF,12
MACCHIATO,12
SAFEDOGEROCKET,12
BLLN,12
LABRADOR,12
NPL,12
MF,12
SDJ,12
BTR,12
PJX,12
EA,12
SSHIBA,12
LUNA,12
RULER,12
TMF,12
BRIGHT,12
COMP,12
THOR,12
üê∑ PIGGYBANK,12
KODA,12
NU,12
ONLYONE,12
SAFE,12
CGS,12
THESEUS,12
COINACTION,12
ZUM,12
QUANTUM,12
CAKE-LP,12
FYZNFT,11
CHPG,11
$O3,11
PPC,11
TESLAACCEPTDOGE,11
APE,11
NETFLIXüé¨,11
VBSWAP,11
#DOPE,11
RUG,11
IFAN,11
WOFI,11
ASTRO,11
1BILL,11
MYOBU,11
RS,11
UMAN,11
SPACEX,11
LITTLEDOGE,11
MNF,11
FBANANA,11
ICP,11
CAS,11
GTC,11
BFUEL,11
GRAIN,11
CHEESE,11
UTRIN,11
ELONMOON,11
BUI,11
NOIA,11
JUSTOISHI,11
VIAGRA,11
YURI,11
WB,10
STEP,10
VBNB,10
WANDA,10
FIB,10
EG,10
OC,10
PIüî•,10
$RR,10
ELONINU,10
DUCK,10
YFW,10
NFTMOON,10
FAR,10
QINWA,10
BNBC,10
CHILON,10
ASCAT,10
VB,10
üöÄ SFMS,10
LOVE,10
SENSE,10
üååBLACK,10
TEST,10
CS,10
AMAZON,10
MKR,10
DEAD,10
COSHI,10
SAFECITY,10
BICKTIDDIES,10
POKERPAY,10
KEOPS,10
$KOALA,10
SHELL,10
BOOBS,10
SPUTNIK,10
THID,10
$ROCKSTAR,10
JACKPOT,10
FBT,9
SAFEMS,9
WAIFU,9
PB,9
HGET,9
DYT,9
MOONSHIBA,9
RSUN,9
SDMT,9
$DOP,9
ICHIGO,9
LSD,9
GOOGLE,9
POWER,9
SOLDIER,9
ROBLOX,9
AGA,9
HYPM,9
EDEC,9
EOST,9
GST,9
MOCO,9
DOGEZ,9
WOLFY,9
SKI,9
WEM,9
GDS,9
FOXT,9
URANUS,9
FSL,9
LITE,9
HUSKITA,9
ORIAXON,9
POOPYELON,9
MORBID,9
STIQ,9
CORN,9
SST,9
ANUS,9
GRUPEE,9
GEM,9
KINGTOKEN,9
SATURN,9
MIAU,9
RSHIBA,9
MOONLAND,9
GOATHOUSE,9
REDDRAGON,9
SRABBITüêá,9
UPCOIN,9
DFC,8
PTR,8
SEX,8
MIEMIE,8
POMSHIBA,8
CD,8
LOGANPAUL,8
MIDAS,8
FAIRUNI,8
MRM,8
BNU,8
PORNY,8
JIGG,8
AQUAFOX,8
PPMOON,8
üöÄ SPACEX,8
PLUTOPUMP,8
CHIVE,8
JPT,8
$ILY,8
SME,8
PIGGYTOKEN,8
ANVIL,8
PANTSU,8
OCMOON,8
FOMO,8
SAFEROBOT,8
YZZ,8
AELON,8
HOD,8
MOONEXP,8
BURGERKING,8
MTIME,8
DOGFA,8
SKOALA,8
ENX,8
INUBOOTY,8
LAX,8
MOONJUICE,8
CDY,8
LESHRAC,8
POLY,8
 NIFTY ,8
AGENA,8
VR,8
LUCIFER,8
WD,8
HTPT,8
TIKTOK,8
THL,8
SHINSO,8
ANGEMON,8
SSNEK,8
SHAR,8
DF9,8
777,8
DOGEM,8
CCD,8
STEPH,7
PML,7
üî• PORNHUB,7
FAIRNFT,7
NUNUDOGE,7
TESLAXDOGE,7
SA,7
AMS,7
MOONüåô,7
DOUGHY,7
DMUSK,7
LSPELL,7
RT,7
NFT.GROOT,7
FATP,7
STLR,7
NEOZONE,7
üí†GEM,7
EST,7
CUMDOGE,7
NFTART,7
ERE,7
$ASSS,7
FEI,7
DOGEMOON,7
DEX,7
MOONMOON,7
$HXTJPN,7
PLASMA,7
SPACEüê∫,7
BOSS,7
KTR,7
BAD,7
FAIRMOONC,7
CSG,7
MILK,7
ELON,7
TON,7
WONDERWATER,7
SAFEBUTTERFLY,7
PAPADOGE,7
PIZZA,7
DOGE 2 MOON,7
CGT,7
CHAM,7
SHIBKING üëë,7
LUNAS,7
ORANGE,7
PMON,7
FRY,7
FMUSK,7
SPIKE,7
SAFEMOONART,7
PUSS,7
FAMOUSELON,7
ELONHATE,7
GDOGE,7
DOG,7
GANJA,7
FBF,7
‚íªFACEBOOK,7
AB,7
THEGUYS,7
ZOMB,7
MOONLOVE,7
GSHIBA,7
NEWCOINMOON,7
SAFEANT,7
SFT,7
TANG,6
69,6
üêù,6
INSANE,6
YPIE,6
TWINU,6
FORTUNER,6
MOONMISSION,6
YEETROCKET,6
BNBD,6
PIG KING,6
DFG,6
ANT,6
GINUX,6
ELONKSTONK,6
STOPELON,6
$SMK,6
ULDOGE,6
PACMAN,6
ELONTWAT,6
BDS,6
SHIBACOIN,6
INUBUBBLE,6
SHD,6
YOLOINU,6
SAFECASH,6
GTZ,6
MR,6
SHK,6
ARM,6
NETFLIX,6
BERRY,6
LPOO,6
SFWR,6
RANCH,6
TSUN,6
TOPSHOT,6
OURMOON,6
AVX,6
MODEX,6
GEF,6
NASA,6
ü¶ÑUNICORN,6
DOGEGOLD,6
BLACKPEARL,6
VMOON,6
SYN,6
DRUGS,6
FEE,6
AXT,6
HORSY,6
UC,6
HARAINU,6
PKD,6
MNMN,6
MSHIBüêï,6
$OWIN,6
REDSHIBA,6
SW,6
MOCCHI,6
MXT,6
BTC,6
EHAVEN,6
TDM,6
SHIBAFINANCE,6
BALMOON,6
MPART,6
MOONPIZZA,6
$SUNCAT,6
GHOSTGIRL,6
TORNADO,6
H&K,6
MUSCLEVIP,6
HOP,6
TEKKEN,6
KKN,6
MFC,6
SWAGGIRAFFE,6
CRMOON,6
TERN,6
RARO,6
TFW,6
SONAR,6
EMN,6
BULLYDOGE,6
GLXC,5
BOWSER,5
EUFAN,5
2HA,5
ATHDOGE,5
FEEL,5
NFTE,5
TICAX,5
GIBBONSWAP,5
ROSE,5
CNZ,5
520X,5
MARVEL,5
LIGHTMOON,5
CYFM,5
BLACKCLOVER,5
$0.1,5
ZAP,5
FUKUI,5
KOIDAO,5
ITF,5
SAFEISLAND,5
CRPTOVALLEY,5
üí™MUSCLE,5
RSR,5
MOONRABBIT,5
HOE,5
FRX,5
RR,5
POKELON,5
KURU,5
$TREX,5
RYE,5
RCZ,5
PINK,5
IGT,5
DBALL,5
MNHL,5
WITCH,5
MOONSEASON,5
APES,5
BONEü¶¥,5
MOONHUB,5
RYPE,5
BNBR,5
CATFELIX,5
TOKENSLAYER,5
MAYA,5
30D,5
AFI,5
XHAMSTER,5
HISU,5
LOGINSWAP,5
CRSPY,5
$BENQI,5
$BEE,5
CGLD,5
WANG,5
üöÄCATGE,5
WHITESHIBA,5
ROSEWOOD COIN,5
ENEX.SPACE,5
SGL,5
COLLIE,5
ONE,5
RMOON,5
BINKS,5
WDT,5
SHIBASWAP,5
MINDRE,5
SRK,5
FPN,5
ERN,5
NFT,5
GHOST,5
LNLMOON,5
POAK,5
KBOO,5
ZOOMOON,5
MSOV,5
FSI,5
ZINU,5
KONOMI,5
MMUSK,5
SMALLWIENER,5
SKYSHIBA,5
FIRSTSHIBA,5
VOICE,5
ELON STOP SELLING,5
$DBLACK,5
ROBINHOOD,5
CUNT,5
BSHARK,5
SING,5
LTC,5
üêï‚ÄçXDOG,5
MOMJ,5
SHEPHERD,5
SBWY,5
FAX,5
SPANK,5
XXX,5
MIGUEL,5
POLYDOGE,5
SPACEALIEN,5
SHIBAROCKETMARS,5
SEXRP,5
BOOMOON,5
CORGISKY,5
COSMO,5
KRT,5
SAFEUNI,5
SNOOPDOGE,5
CTYMOOON,5
üêü,5
CHI,5
SUKINU,5
CTEAT,5
UPJUPITER,5
ADOLF,5
GABEN,5
BINANCE,5
GRAV,5
LSS,5
SFV,5
RMUSK,5
DOGIE,5
BMEG,5
UBXE,5
MGRIS,5
MOCHI,5
FBGüí∞,5
SNKE,5
STRB,5
WHITETIGER,5
PUU,5
INUSLIFE,5
ASTROS,5
LASEREYES,5
ULTIMATE,4
BLY,4
OPIUM,4
GRON,4
SMOON,4
SLT,4
DICK,4
SOTM,4
LABS,4
XBLUE,4
POMSSKY,4
CUMBACK,4
BURNING,4
SAFEELON,4
ESDR,4
LION'S,4
NFTGREEN,4
HAKIRU,4
OCTOPUS,4
8MAYCOIN,4
IDOGE,4
PAMP,4
WJB,4
APN,4
CRONJE,4
üêà MOONKITTY,4
MARSSWAP,4
üöÄROCKET,4
LB,4
FFS3,4
$TITANIUM,4
ALICE,4
LFOX,4
SPUMP,4
GLL,4
CATALYST,4
INQCOW,4
TAO,4
AYIELD,4
SATURNV2,4
ROYALE,4
CAIPI,4
TNT,4
PIANO,4
BLB,4
AERO,4
QSHIBA,4
POKI,4
BCFLUX,4
üí†SDF,4
CHEROKEE,4
JOKER,4
BANKCRASH,4
STN,4
BMOON,4
CHROMATIC,4
AUTO,4
$CORGI,4
GBNDS,4
BSC,4
üí†TITA,4
BLUEBALLS,4
NFTKISHUINU,4
PNY,4
GOODS AND SERVICES,4
EGT,4
YDOG,4
FAIRCASINO,4
BMXX,4
STARSWAP,4
DOGO,4
CHILISWAP,4
ü¶ÜDUCK,4
AQUAPIG,4
YG,4
ELFI,4
KPCLA,4
RMINU,4
ALT,4
BSCCROP,4
MUSKSLN,4
 HUNNY ,4
BDOGE,4
GLXY,4
IMARS,4
üêïHACHIKO,4
MANJAKI,4
NNC,4
MARKO,4
GBC,4
GOLDROCKET,4
FCKE,4
MOONDASHüöÄ,4
HARAM,4
LOTUS,4
DOLPHIN,4
SHIBB,4
BCAKE,4
WWC,4
BBITTO,4
MULTI MOON,4
üõíEBAY,4
ARI,4
FTESLA,4
DNP,4
THATSCAP,4
STT,4
NGHTYM,4
üê∂,4
MOONLTC,4
BLU,4
TOSHO,4
MINEREUM,4
WINE,4
PDOGE,4
DXW,4
BABYDOGE,4
HBT,4
LEV,4
KAINU,4
PUSSYJUICE,4
OPE,4
BRC,4
PORNCOIN,4
GBD,4
TSHP,4
SGO,4
ROND,4
UPDOG,4
DREAM,4
MPIKA,4
NLC,4
LUV,4
MALU,4
FO,4
FTY,4
BSCDEFI,4
GLF,4
$ORBIT,4
TARGETüéØ,4
$DOGNUT,4
NWC,4
üêïHACHI,4
MNDAO,4
FT,4
üíéDGEM,4
RM,4
RDMN,4
CHILI,4
LYNX,4
WHITEMOON,4
ESL,4
WAXG,4
GFNC,4
ASSROCKET,4
MOONFSN,4
$ELONSTOP,4
CHAOS,4
FASE,4
BRTC,4
SABAKA INU,4
SAFEGATE,4
SHIBALUCKY,4
STABLE,4
ASTRA,4
MGNDM,4
SNOVA,4
TDAO,4
LNRA,4
SAFECHICKENMOON,4
ETHERBSC,4
ILX,4
ATHENA,4
RLE,4
FUCKMYX100,4
SHIBABOOM,4
BIGGESTBULL,4
RUGINU,4
PSCHEME TEL/PYRAMIDMOON,4
üç®ICEC,4
MULA,4
$YODA,4
MOONGEN,4
SIMBA,4
DS,4
MGEP,4
SHBM,4
U8D,4
VADA,4
SUPERMOON,4
$NOFAP,4
MNST,4
FOXFINANCE,4
LOUDTOKEN,4
RANO,4
SPD,4
FAIRLAUNCH,3
ELONSNL,3
FLC,3
SBMS,3
KUY,3
LEB,3
METALCOIN,3
üöÄSPACEX,3
HLOVE,3
UPCO2,3
FXMZ,3
KINU,3
$GLX$,3
$ROCKSTARüöÄ,3
AZZA,3
ZENDOGE,3
ANGELSHIBA,3
CLINT,3
BEAREND,3
ELONISBACK,3
POLEX,3
BONFIRE,3
SVA,3
J4CK,3
PIGG,3
KAIINU,3
BABYCORGI,3
DRAGON,3
GEI,3
GUEST,3
SUPERTOKEN,3
JACKSPARROW,3
ü¶ÑUNIQ,3
RYUUINU,3
CRYTEK,3
RENEGADES,3
ASTROPUMP,3
FACEBOOK,3
FCZB,3
DEKISHU,3
ANGEL,3
ONLEXPA.COM,3
PAYD,3
CHADSHIBA,3
DRINK,3
SCAT,3
CHINAHOLE,3
SAFEDOGE,3
YFO,3
BMW,3
SPAGETTY,3
üêº PANDA,3
PORN,3
LBD,3
$BLC,3
STF,3
PSHIBA,3
KILLBIT,3
MOSHI,3
CLEAN ENERGY TOKEN,3
KRYPTEX,3
PIKAMOON,3
PINKM,3
DBT,3
WCK,3
YOLK,3
SHINOBUINU,3
WINLAMBO,3
BOOK,3
PGY,3
CUBT,3
üååGLX,3
BST,3
PENGUIN,3
COFFESWAP,3
$AUTOCUAN,3
ITA,3
FUV,3
SHIBACASH,3
DRM,3
DOGEMOTHER,3
RUNDOGE,3
BTC RED,3
üëªSNAPCHAT,3
ANIME,3
DGOVN,3
TSOL,3
RDXB,3
NEXT1000X,3
WWA,3
JPOW,3
DNT,3
NOWAR,3
DOCV,3
MINTYDOGE,3
KIWI,3
FONYX,3
MANA,3
MAMO,3
VISA,3
ROX,3
BNW,3
LIMBS,3
SUDINA,3
FI,3
PKM,3
STRI,3
AS,3
KITTY.KAT,3
TRUMP,3
ADAC,3
ROCKEFELE,3
OKS,3
EOUR2020,3
TITS,3
CRP,3
EVSJ,3
OBC,3
ONEPUMPRICH,3
MMPW1,3
APEINU,3
DEVBIL,3
FAIRYTALE,3
EPIC,3
üá∫üá∏ TRUMP,3
SHIBAMEGU,3
GSB,3
MWAY,3
SHIT,3
KUSHI,3
UBER,3
SHASHIMI,3
TTTT,3
TCED,3
GAMEBOY,3
+ETH($1000),3
DCTO,3
LAIKA,3
EARTHX,3
PATH,3
MOON ISLAND,3
CHRONOS,3
KMM,3
ERIS,3
FKMP,3
BOBO,3
FRIEZ4,3
MEITU,3
SPENG,3
GCX,3
PNODE,3
AWETH,3
WEEZY,3
SHMOON,3
BULLRUN,3
LCS,3
PUGDOG,3
NBT,3
DFAIR,3
DUNINUB,3
$CNAZ,3
SKAT,3
PITASTRO,3
WIC,3
SAKE,3
30 MIN PUMP,3
IIIP,3
TAKE,3
KBB,3
FLYFISH,3
RKS,3
MCT,3
DORAEMOON,3
IDEX,3
LAIKAPROTOCOL251,3
DINOSOUR,3
NIFTY,3
QCA,3
BWF,3
SAFESHEEP,3
MNP,3
DMT,3
ROSN,3
ELENA,3
USAPTOCURRENCY,3
COFFEESWAP,3
ELONAUT,3
üõ∞NASA,3
1000X,3
BOTT,3
GUESSIT,3
DOGE,3
RUSD,3
MOOV,3
WHITEDRAGON,3
DOGOK,3
MUHOM,3
QUOKKA,3
SPF,3
PINU,3
BOOST,3
ZADD,3
SPG,3
PAYN,3
WE MOON,3
üí±YENSWAP,3
CKI,3
ASSBURGERS,3
GUCCI,3
DARK,3
$ROCKETüöÄ,3
POO,3
DOGK,3
FIFA,3
ZEUS,3
MRF,3
UMO,3
ATOMICSHIBA,3
ÈáëKANEÈáë,3
CYBORGSWAP,3
MPH,3
GMIX,3
PDWD,3
MASK,3
DALI,3
LITTLEBUNNY,3
PRC,3
DONESWAP,3
SUPERSWAP,3
SHINU,3
CORE,3
QUATAR,3
YETI,3
ANTI,3
PFT,3
MDOG,3
GUCCIMOON,3
QNS,3
JBP,3
AMA,3
üî• TIKTOK,3
PYTHIA,3
ELP,3
SFINANCE,3
LOTM,3
SRUG,3
YDB,3
SPACEXüöÄ,3
BLOODMOON,3
PANCAKEü•û,3
ZD,3
$ROCKSTARS,3
GCF,3
BOOTY,3
FOMOS,3
SFX,3
SAFELIVE,3
ORACLE,3
HYPE,3
MARKOS,3
ROVER,3
APFI,3
CHOW,3
SMPüê∑,3
CASA,3
KATE,3
NOOKIE,3
ALIEN SQUAD,3
CRB,3
FAMILYGUY,3
WACO,3
AE,3
TANGPING,3
FACE,3
PEER,3
FNATIC,3
ED,3
DEEZ NUTS VB,3
AAX,3
ROI,3
KRYPT,3
RPR,3
MELONMUSK,3
ZNCO,3
GOMIX,3
ELONDOGE,3
LEXI,3
BABYBNB,3
JUDE,3
NORDIC.SWAP,3
ETH2POS,3
ARBIT,3
MERC,3
SBET,3
DOGE.WS,3
$FUNK,3
SFI,3
RA,3
MGG,3
BELAND,3
SPHYNX,3
CATE,3
QUEEF,3
CASH,3
SS,3
ASTRINU,3
SUPERB,3
RED,3
DXT,3
SBUR,3
GOLDENFIRE,3
COTI,3
$SPCDSH,3
MMK,3
RJF,3
FLAGSHIP,3
SNOOP,3
ISLE,3
SHUSHILAUNCH,3
SHIBAKITA,3
CHICK,2
MSD,2
TOKEN100,2
ZZZZZZZZZZZ,2
MARSLB,2
TCOIN,2
CHEAT,2
BETY,2
MFO,2
URANUSFLY,2
PIT,2
CBR,2
FARMERSWAP,2
DOGMARS,2
TUBE,2
NAIB,2
PND,2
GINU INU,2
BCT,2
BBH,2
MEG,2
GNK,2
RDC,2
üíπYEN,2
ü¶ä FOXY,2
ODEX,2
SAVEHORNBILLS,2
PINSCHER,2
RARE,2
TIKTOKÔ∏è,2
LBYP,2
GEK,2
SCOOBY,2
PORNHUBüî•,2
YFI,2
üê∂HACHI,2
YUAN,2
OCTO,2
PAY,2
AV,2
PITSHIBA,2
LOCG,2
ZLOT,2
PLATESWAP,2
ANA,2
HC,2
MOONSTURBATE,2
GRYF,2
EON,2
BTM,2
XXL,2
MAPLE,2
üöÄAMC,2
ELM,2
RTT,2
CNEXC,2
SM,2
AVC,2
MSHIBA,2
üêï HACHI,2
$TF,2
DMC,2
ESCARGOT,2
XMARK,2
SHILL,2
AAA,2
BURKA,2
PTI,2
SUPRINU,2
ESG,2
MDS,2
FSB,2
DOGS,2
LBIRD,2
LAS,2
ARTHDAL,2
KITTEN,2
DOGEONE,2
BUMBLEBEE,2
BITDOGG,2
KTMOON,2
NOJ,2
TASTYNFT,2
ROCKET,2
OZONE,2
DPRSSD,2
NVIDIA,2
M007,2
üîíSAFU,2
üêïüåäASHIBA,2
BO,2
JELLYBEANS,2
DHT,2
WEX,2
RAM,2
JASPION,2
MOKAN,2
TRF,2
RLX,2
FORD,2
CD-TOKEN,2
FACECOOK,2
DHAMMER,2
DOGEERTH,2
BITCH,2
TTM,2
GM,2
SILVERDOGE,2
ALONEMUSK,2
DEFIKNIGHT,2
MAX,2
SPARTANZ.COIN,2
HUA,2
PETO,2
RLAUNCH,2
KABOSU,2
SIMS,2
BSCCOLONY,2
TST,2
STAR,2
ALOHA,2
VISION IOU,2
JACKPOTüèÜ,2
UPONLY,2
EPH,2
WIFE,2
MNG,2
FLYINGPIG,2
CEREMONY,2
DDC,2
PAR,2
AKT,2
VEX,2
CANOPUS,2
CHICKEN,2
$ESCOBAR,2
SMINEMDOGE,2
CHIBU,2
YOLO,2
DASH,2
HAROLD,2
HOLDS,2
FBEAR,2
ONLY1COIN,2
NAUGHTYDOGE,2
HYMEL,2
GOLDENRIVER,2
AQUAGOAT,2
WAI,2
TOWELIE,2
SHSWAP,2
ETRV2,2
BPAD,2
SAFEROCKET,2
GOHAN,2
XYZZ,2
LIVI,2
DYDBT$,2
üåÉNIGHTWITHSTARS,2
JUMPBOX,2
TCH,2
SPC,2
SHIBAS,2
GAL,2
CRWBUNNY,2
CHICKENINU,2
STIX,2
TRUST,2
‚ö°BLAZE‚ö°,2
$KIPI,2
AKITAMOM,2
CAPO,2
RTU,2
XMOONR,2
MZT,2
EMERALD,2
FLYING HORSE,2
KEBAB,2
AVOY,2
KIYA,2
OMB,2
PITKYUREM,2
SPA,2
FOXY,2
MANY,2
RYU,2
SAMINU,2
üí†URAFI,2
AU,2
GGC,2
FREELA,2
HP,2
SWYL,2
REDWOLF,2
DET,2
SAFEPIG,2
KNS,2
UNIPORN,2
NYZ,2
NARUTO,2
DOREMON,2
GECKOL,2
üå†Ô∏èOSTAR,2
MOONRACKS,2
SHIBX,2
SOB,2
MATRIX,2
BEST,2
LEWD,2
CHIIINU,2
AGOATSWAP,2
FBTC,2
FEC,2
SHIELD,2
INV,2
BRUTEFORCE,2
SEA,2
BJF,2
DINU,2
DRYCAKE,2
GOATGATE,2
POKEMON.FINANCE,2
APE INU,2
CPYC,2
GC,2
TIGER,2
PUFFS,2
TRX,2
MORPHOSWAP,2
üêïBITDOGE,2
CUPID,2
KISHU,2
PUMP2PUMP,2
DIAMONDBALLS,2
BTDOGE,2
FUCKELON,2
SNOWMOON,2
$TSI,2
GTM,2
ASTROP,2
SHODL,2
LORDDOGE,2
NINNIN,2
MOONZOOMüöÄ,2
WOTT,2
SNOOPY,2
RYOICHI,2
ASPR,2
SAFEMARSGOLD,2
FCDH,2
CHC,2
BBP,2
PPP,2
BORDER,2
YRK,2
SRTS,2
ELMO,2
DOGE ARMY,2
FCMU ,2
UWUAHEGAO,2
FASTMOON,2
YFDAI,2
OTTER,2
SAFELAND,2
SOU,2
EMR,2
üåëMNST,2
$ELON,2
MOONAPE,2
SHIBARED,2
GNUS,2
ELONSTWEET,2
PENNY,2
SAFEMOON2,2
FISH,2
WOWZA,2
üêóANGRYBOAR,2
AMF,2
YELLOW,2
MOJO,2
WINDU,2
YUMMYMUMMY,2
MONEYMOON,2
PEOPLE,2
CCH,2
EXPERTCOIN,2
HON,2
MEMESHIBA,2
SDOGGY,2
FWM,2
DVS,2
CAMPFIREFINANCE,2
AYUMI,2
OMT,2
HPD,2
DBON,2
JINT,2
SLYFO,2
NFTGOLD,2
COS,2
CRESCENTAPE,2
MOONFATHER,2
XSWAP,2
FLAT,2
DODF,2
MAMAF,2
PASU,2
SHIKOKU,2
KILL ELON,2
RYO,2
BES,2
NFTM,2
SLUCK,2
üå±SEED,2
PTT,2
FIGHTFORBSC,2
$FLOW,2
RAUX,2
DCAPS,2
$HIKARU,2
SSP,2
FSEASON7,2
ASTIR,2
APU,2
üçå BNBBANANA,2
GTX,2
MEOWTH,2
MARSLAMBO,2
$SIBINU,2
XGT,2
GORILLA,2
SNAPCHATüëª,2
‚öúÔ∏èENX,2
GA,2
PAC,2
REMBRANDT,2
üß¶THIGHS,2
TWT,2
GEMS,2
SHIK,2
‚ò†Ô∏èDEAD FACE,2
FST,2
SBCLASSIC,2
LIQU,2
INTMUN,2
CUBE,2
AKIKO,2
STSLA,2
PEDO,2
KENTAROINU,2
SNLELONDOGE,2
FORNAX,2
CROSS,2
AUF,2
DGELON,2
PH,2
SMTY,2
‚ùÑHUSKY,2
NOTIMERUG,2
SNOW,2
BLACK BIRD,2
$KK,2
REDHAWK,2
TWINPEAKS,2
BACKUP,2
VEGETA,2
EDOGE,2
MOFO,2
üßûRUGGED,2
DOGEDAO,2
LOWB,2
ALPHASWAP,2
ZNC,2
UFO,2
CBG,2
ANGRYA,2
PIGTOKEN,2
MARIOMOON,2
MOONF,2
ALP,2
GD,2
B2X,2
FAIRS,2
JUPITERELON,2
B4,2
COF,2
OKOS,2
üê®KOALA,2
NONEA,2
MOONSPOT,2
DFFN,2
TESTXXX,2
TE$LA,2
ARTMUSIC,2
MDT,2
PYTHON,2
ULTRA,2
LM,2
GOLDENDUCK,2
WOOFY,2
MAINECOON,2
FCC,2
ELONGATE,2
CORX,2
LGBTüåà,2
GARF,2
QUEST,2
TAXI,2
DGM,2
LOONEY,2
SBMOON,2
INTINU,2
$ACRIA,2
PEPPER,2
NFTCA,2
RELI,2
MARSMOON,2
KWHC,2
CBD,2
GOLDSHEEP,2
KINGLION,2
SQUID,2
DUNG,2
ELONZ,2
$LUXIVE,2
LAMBOGB,2
XMR,2
  MINU,2
KRD,2
TUPAC üé§,2
APRIL,2
BFLY,2
QDP,2
A51,2
CHIBAKERY,2
PAN,2
AMP,2
DGN,2
EMAX,2
SOLS,2
SLUN,2
USDCOW,2
NANOSHIBA,2
SFWORLD,2
MDRN,2
DEMY,2
MGOAT,2
BAR,2
GFCE,2
WHITEBULL,2
IRON,2
CARTOON,2
TRKC,2
RIBI,2
ARSAFOXY,2
NOBITAHS,2
üå∂Ô∏èTABASCO,2
XTESLA,2
NAUGHTYTOKEN,2
HEDGI,2
ELSA,2
MASKDAO,2
RIC,2
LPIG,2
KASUGAI,2
WGRINGO,2
WOMO,2
HIFI,2
üìß GMAIL,2
MRIDE,2
SAFUMOON,2
AURA,2
KKINU,2
DELORIAN,2
POLARIS,2
BNBSHIB,2
BXC,2
TS,2
LITTLE PEACOCK,2
PORTALTOKEN,2
BLM,2
LEAF,2
BAI,2
DUANG,2
MOONARCHNFT,2
POM,2
TNTX100üí∞,2
SBK,2
LIFE,2
SAFEDIAMOND,2
GLB,2
SWISSTECH,2
NOCOIN,2
HAMMERFIST,2
SAFECLASSIC,2
MOB,2
BMOOSE,2
AFFILIATES,2
BOGA,2
CP,2
MKAT,2
DEDOGE,2
$MUST,2
MARLBOROTOUCH,2
DHMOON,2
CTC,2
ITALYVSTURKEY100X,2
HESUS,2
BEHOME,2
$GOLDENMONEYü•á,2
ROTHSCHILD-ROCKET,2
LALA,2
PANTHER,2
BIOSPACE,2
SHIBADOGE,2
BAF,2
SFB,2
WNSBT,2
SSW,2
MINIM,2
SLD,2
HOT,2
MOMSSPAGHETTI,2
NEPTUSWAP,2
WC,2
SBF,2
ASTROSHIBABSC,2
ORT,2
‚úàÔ∏èTRVL,2
AOOKIESüç™,2
HRV,2
SDONUT,2
ATD,2
NEPTUNE,2
ISOT,2
SAI,2
NAVI,2
DBY,2
STINU,2
ZUBAKI,2
BZZ,2
CORGI,2
TTT,2
WHALE,2
JIND,2
BESTMOON,2
BEYOND,2
SHIBATOMARS,2
NFTDOGE,2
AMAOU,2
PUSSYSMEGMA,2
NFTARDCAKE,2
KANTURO,2
GAPP,2
SASHAGREY,2
TESTONE,2
GHSTFCE,2
BCOOKIES,2
ICECAKESWAP,2
DPB,2
NEKO,2
EVIL,2
PINKWINK,2
AQUILA,2
HONEYBEE,2
WORM,2
HIP,2
LUXURYSWAP,2
FTD,2
MTN,2
FIXMOON,2
ü¶ùCOON,2
NMO,1
UNLIMITEDCOIN,1
FRT,1
DOGUE,1
SHEPARD,1
DEEPI,1
CHU,1
DEENUTZ,1
 BLM,1
FARTO,1
MOONRISE,1
FYE,1
ADOBE,1
TP,1
LABRADORINU,1
üî¥REDMARS,1
KEEPMOON,1
HEX,1
HAIHUY,1
CCOIN,1
SWKING,1
CCNT,1
XLD,1
WIBUTOKEN,1
SOLNET,1
JADE,1
TWEED,1
CHIK,1
FINEF,1
SHIBAMOON‚ú®,1
PLANETSOFAPES,1
XGC,1
SLOTSC,1
SAB,1
REIGN OVER BSC,1
LTN,1
RASPUTIN,1
JACKR,1
LOTTONFT,1
NFTAG,1
MRCR,1
MRJ,1
1250X,1
CALYP,1
üåàLGBT,1
FITDONKEY,1
SSM,1
JPYC,1
STORM,1
PSP,1
COLDPLASMA,1
ROCKETCOIN,1
BBNB,1
STIKCY,1
SNOWBALL,1
TCT,1
TED,1
ROYAL,1
DOGEGATE,1
üíØ1KX,1
EPRIME,1
TEST5,1
BALL,1
POODOGE,1
F$CKM,1
BSB,1
SAFCITY,1
NUTBUTTER,1
KAPPA,1
VENUSSWAP,1
$DOGE,1
TAJ,1
SCHMECKLES,1
BFROG,1
FEG ROCKET,1
MAJORFINANCE,1
DOUBLEEAGLE,1
SGT,1
COMMUNITY,1
TKN,1
JST,1
üí≥,1
SAFEMOONGOLD,1
AURORA,1
OMGX,1
SHITDOGE,1
üëïMANCITY,1
SATOSHIBA,1
CHUCK,1
CYI,1
NICE,1
SAFESHIB,1
NME,1
SL,1
ATH,1
AQMON,1
PEKER,1
SMAP,1
ESS,1
FASTSWAP,1
BCTR,1
SAMURAISHIBA,1
SAFEBULLY,1
HBH,1
NKINU,1
$RTL,1
üçó CRUNCHYCHICKEN,1
MER,1
YMM,1
BBG,1
ORANGETIGER,1
MYOBU2,1
DIELON,1
XSP,1
GOLDSTONK,1
EASYMONEY,1
SUSHIBEAR,1
CAR,1
TOK,1
BABYSHIBA,1
$BLD,1
APPM,1
WOODBLOCKS,1
OLJAIOD,1
CONDON,1
HOLISTIC SWAP,1
COLDHEART,1
BMOUSE,1
FLIX,1
COOKIECAT,1
ADB,1
GODTOKEN,1
üí• SUPERNOVA,1
WFDH,1
ADR,1
MNBL,1
IMG,1
üê∂AFFAIRSDOGGY,1
DIOR,1
GALA,1
SBLE,1
GERO,1
ROBOT,1
NFTUNIVERSE,1
ECASH,1
MOONPAY,1
BB,1
NFTMA,1
MOMA,1
üíØXTOKEN,1
FTM,1
QANX,1
PLUIS,1
BBB,1
SHIBAMARS,1
HUNTER,1
GAGARIN,1
DUBAI,1
SHIBANAUTS,1
LEDOGE,1
SHIBD,1
POCONG,1
MHRZ,1
MOONCOIN,1
GHOSTFACE,1
CORGISAFU,1
RETH-THETA,1
VAULT,1
üõí AMAZON,1
NBSC,1
MCAT,1
DINOSAUR,1
D1CK,1
$ELEMENT,1
SNF,1
NIKE,1
PHX,1
JIZZROCKET,1
FUNFUN,1
CLV,1
SANINU,1
GAB,1
PLR,1
EMINEM,1
BDC,1
TURTLE,1
BABYCATGE,1
UPVOTE,1
DONKEYO,1
LADYSHIBA,1
QSHIBüëë,1
ü¶äFOXYCRYPTOCOIN,1
PX,1
SCHAEFFLER,1
AFFOGATO,1
MMS,1
TESR,1
TWG,1
CINU,1
TSTRT,1
MOONMUSHROOM,1
ELDOGE,1
ORC,1
FUCHINA,1
FRCUM,1
SNAK,1
OLPA,1
DOT,1
 TADAKICHI INU ,1
TSTEWIE,1
FPI,1
SILVERSTONE,1
DDB,1
AI,1
MEGALODOGE,1
YOLOMEME3,1
ELOND,1
DOGEPANTS,1
HTTPS://NEMOINU.FINANCE/,1
 BNBGOLD,1
SOLARFIN,1
TER,1
TEST0611,1
ARTNFT,1
FTUSD,1
DRG,1
TUTOS,1
STAR1,1
DONUT,1
BLOODHOUND,1
LEX,1
HMNG,1
BHKY,1
üî¥PORNHUBüí¶,1
PLOX,1
KEY,1
FENIX,1
PCHULO,1
ANAL,1
BTC PIZZA,1
TTKN,1
$KAT,1
MAF,1
CUMLOVER,1
WHATSAPPüòé,1
X,1
SFIT,1
üåôCRESCENT,1
$LUCKYINU,1
NVDA,1
PUGSWAP,1
PIXU,1
BESTFINANCE,1
MGS,1
SIMPCOIN,1
MTM,1
ZOOT,1
SMURF,1
SPIFF,1
   WEBULL    ,1
SSHOT,1
BERRIESWAP,1
HSK,1
RAVENMOON,1
LIAS,1
NORTHERNLIGHTS,1
ETHP,1
NEC,1
BSHIB,1
QBERT,1
BOMB,1
FEELSAFE,1
GLYT,1
BITGUM,1
TRYB,1
TFADE,1
BUGGYSWAP,1
POKKELON,1
ESHIB,1
OCP,1
SFS,1
EMEX,1
BINGO,1
üì∫ NETFLIX,1
MMD,1
VENUS,1
BLGIRA,1
üçØHONEY,1
CRM,1
ü•©üßÇ$SALTINUüßÇü•©,1
STM,1
PEACEMOON,1
SHIBF,1
BLACKDOGGO,1
FAKEMOON,1
AUTOLP,1
NTNüåí,1
BCAT,1
MOONBSC,1
PSWAP,1
KOALA,1
BINARY,1
RAINSWAP,1
ESBC,1
$CROT,1
PRZN,1
DOGM,1
üöñFAKETAXI,1
UNIAKITA,1
EASS,1
BOOKING,1
ASC,1
FUCKTESLA,1
ONLYFANS,1
ARCTICSWAP,1
LONGDOGE,1
PHI,1
KTI,1
BEWARE,1
ROJAV1,1
ESI,1
RSP,1
SHIBAEX,1
SAFESATURN,1
DOCTOC22,1
FMT,1
SIGMATOKEN,1
$BIDEN,1
PLATFORM,1
CDC,1
TWITCH,1
PUMPCITY,1
PTN,1
MESSI,1
GG,1
MOONWIN,1
BIGMOON,1
DOGGY,1
HBEE,1
SHICO,1
SXPDOWN,1
ICON,1
MOOSWAMPYCAKE,1
SHIBAFIRE,1
PUMPLAUNCH,1
RCM,1
EFD,1
CHINA,1
TW,1
LURX COIN,1
AKITA,1
ELF,1
MOW,1
STARSHIPLANDINGNOMINALTOKEN,1
CPTOKEN,1
FOXXSWAP,1
FALCONROCKET,1
SPOKEMOON,1
VSPACEX,1
CBNB,1
WGLY,1
$MARS100X,1
ELONTWEET,1
MARIS,1
  LASTMOON   ,1
GUUG,1
FTT,1
SUPINU,1
PRIMOVICTORIA,1
$XTRA,1
MILLI,1
üèéÔ∏è TESLA,1
VIRUS,1
TRAIN,1
OLYM,1
üêïAKITA,1
GNFT,1
HUSTLESWAP,1
WOKE,1
BIGLUCK,1
HERMER,1
PANDAMAGIC,1
DGFI,1
HANOVER,1
üê∂ HUSKY,1
RXA,1
SAFETRAIN,1
LUCKYMOON,1
SWC,1
‚ò†SAFECOKE,1
SGETII,1
INJECTION,1
SAFEAKITA,1
ECOCOIN,1
E-GEN,1
MATICSPACE,1
TURBOMOON,1
SCP,1
PENG,1
SANTA,1
GAMB,1
BOTS,1
üîÆORACLE,1
SPACEKNIGHT,1
DOGTRAIN,1
LINUX,1
TESTTOKEN,1
DOUBLE,1
ATA,1
CAMOUFLAGE,1
BTCS,1
OXXY,1
APIG,1
CC7,1
RABBIT,1
ISMO,1
$DOGECOIN,1
BARKLAYS,1
LOCKED2,1
POLYPURE,1
DSGN,1
$DGOSE,1
SFA,1
üê∂SHIB,1
‚ò¢Ô∏è RADIO,1
PIE,1
HPIG,1
MIX,1
$CHARGED,1
FAP,1
AKITAHOTüêæ,1
GLMR,1
EPARA,1
RUGGED,1
SHIBADOGGY,1
$BARC3D,1
SQUIER,1
RPL,1
CYNX,1
KTT,1
INRT,1
EAR,1
CHEWY,1
KOSHKA,1
SOVRIN,1
HTT,1
IRAN,1
SAFEX,1
BOOTHEN,1
CENT,1
SAFECATA,1
SINU,1
RES,1
MARSB,1
THORS,1
FIREBULL,1
DEFI„ÅÆÁä¨,1
FAIRT,1
ARTIC,1
ELONCHAIN,1
SAFECUNNY,1
ELNM,1
KENZO,1
FIRERUNE,1
NTT,1
üîìSAT,1
SNOO,1
PINGUCOIN,1
BDIGG,1
FUB,1
BRAZZERS,1
SEED,1
üêèRAM,1
BACON,1
$GHIBLI,1
üçèGREENAPPLE,1
HOME,1
100XPUMP,1
SAFEUNO,1
BTCK,1
PAPE,1
SCOOBSHU,1
KUMA,1
ü•ìBACON,1
HTF,1
CAMP,1
LAUD,1
SAFE SHIB,1
GRA,1
SKM,1
AUDE,1
QUANX,1
üîØAVA,1
OHMS,1
BT5,1
FLEET,1
DOGEFATHER,1
GAS092,1
FTBT,1
DOGEGIRL,1
ELONSAFE,1
$FETH,1
800X,1
ü¶ìZEBRA,1
NOVA,1
GUH GOVERNANCE TOKEN,1
TMBS,1
LGBT,1
FSHIB,1
BUGGYTEST1,1
VIKING,1
BPLC,1
REHAB,1
DHAND,1
BH,1
MAT,1
TIRAMISU,1
PICK,1
TESLAHYPE,1
HELLO,1
BLVR,1
MAXCUAN,1
SVE,1
ICASH,1
EXRT,1
BNB,1
ZULU,1
üç®ICE,1
OMEGAüíä,1
AFTERPARTY,1
INYC,1
KSO,1
BMNY,1
BTD,1
KRISPY,1
TESLAX,1
ALASKAüê∂Ô∏è,1
KOMP,1
TIME,1
MOONCZ,1
NINE,1
MONTECRISTO,1
TGRWW,1
KOKO,1
DOGELON,1
POKE,1
PRESS,1
RKTS,1
HHS,1
JORDAN,1
FANTOM,1
KUZU,1
FSTAKE,1
FFETISH,1
GOLDLEAF,1
AMKM,1
üßàBNBBUTTER,1
RUKUK,1
FMOON,1
FAM,1
 $RNP,1
OST,1
WHM,1
JES,1
TOTO,1
M500,1
BOGCANNON,1
APOLLO11,1
LAGE,1
UNDO,1
$SEX,1
NOSHIROFINANCE,1
ERKT,1
$LOG,1
WMT,1
COMETSWAP,1
EGG,1
ZOOM,1
SAFE MARS,1
PANTHER-LP,1
POGO,1
ROYALTRAIN,1
DWALL,1
ITS,1
DAL,1
FLN,1
TCHIP,1
LINA,1
CLORD,1
OPENSEATOKEN,1
BABYGHOSTFACE,1
MOON.ANDROMEDA,1
LR,1
SALMON,1
WAS,1
üêï‚ÄçSHIBI,1
CHERNOBYL,1
WSOTE,1
SMUM,1
SHOT,1
GFT,1
 CHIDORI TOKEN  ,1
COV,1
ELONPUSK,1
WCAI,1
LUKE,1
LAIKAINU,1
EMH,1
CUPCAKE,1
TORCH,1
CORGIK,1
TUOA,1
DIAOMIN,1
$POOINU,1
MONET,1
SAFEMUSKCASH,1
CAL1,1
GFISH,1
MOONPAD,1
MINECRAFT,1
RACK,1
COLAMBIA,1
SGRCRM,1
BOX,1
RBT,1
DBT4,1
üõ°Ô∏èSHIELD,1
SMARTDOGE,1
MOONMATRIX,1
üçìBERRY,1
FAIRCOCACOLA,1
SAFEFLX,1
UNICORNSWAP,1
KABUKINA,1
DISNEY,1
MST,1
FAIRNANDO,1
DOGED,1
FINELLA,1
ELONAI,1
BNN,1
MOONIC,1
ANALTIK,1
REF,1
REMIX,1
KMZ,1
üï∏Ô∏èWEB,1
LOLY,1
MOONPRICE,1
DAFY,1
SHIBBA,1
NEWMOON,1
SPORTEMON,1
TML,1
CSF,1
MKLV,1
FOXMOON,1
ROTT,1
CYBERJESUS,1
SZEBRA,1
BCK,1
HOLORIDE,1
MOONGAZ,1
ZEXT,1
FLASH,1
CAPS,1
BUTTERFLY,1
QQ,1
CSGO,1
BSC ,1
SCOTT,1
SCBUG,1
MOONDOGE,1
COINBUREAU,1
UBDT,1
RCEO,1
SPACELON,1
TWST,1
BISHU,1
‚úäüí¶ONLYFANS,1
DHS,1
VOV,1
DARKMOON,1
ACXDC,1
MP,1
FAL,1
PULSARMOON,1
EPANTIES,1
TATHOS,1
PRX,1
SHIBATTACK,1
SHITTY,1
TESLAXX,1
CUMCAKE,1
RRABBIT,1
ELONB,1
TRI,1
FOXF,1
HUSKY,1
SBM,1
SGOKU,1
TACOSWAP,1
FEGSPACE,1
MOONWALK,1
SAFEBTC,1
LAB,1
CYF,1
TUBE8,1
MARSROCKET,1
WHITE,1
DLF,1
AUTISM,1
PINKKABA,1
FLOP,1
SPAT,1
HUMBLE ,1
TRUSTFI,1
LINKBEAR,1
TRVS,1
BLMD,1
üê∂DOGE,1
FDAS,1
TIR,1
SXDOGE,1
FDE,1
BLN,1
SETH,1
SDMN,1
DUDE,1
MAOD,1
AGSHIB,1
FINU,1
BOND,1
UNIDOGE,1
IONX,1
LIQUID,1
GOLDEN,1
F3XL,1
PBL,1
HID,1
CBDC,1
LEGOS,1
STARSYS,1
CORGIG,1
SSHIKOKU,1
ELONDONTPANIC,1
SAFEARTOS,1
FAN,1
STER,1
LAMBONFT,1
VIBES,1
KONE,1
KGC,1
üê°FISH,1
ADS,1
BID,1
SHRK,1
SAFETRUMP,1
üê∞BUNNY üê±KITTEN,1
BEZOGE,1
SDC,1
üêíAPACHEMONKEY,1
GREENENERGY,1
ùóßùóúùóûùóßùó¢ùóû,1
GOLDA,1
DBLACK,1
IPAY,1
MODO,1
BNC,1
BS,1
SFM,1
GJMSR,1
HAPPY,1
INTERN,1
CYBERVIKING,1
MRAT,1
PORNHUBüí¶,1
SLOWLORIS,1
SWE,1
FOOTBALL,1
POTASSIUM,1
ZSHIB,1
CAFE,1
SOUNDBLAST,1
ALH,1
PITX,1
NOODLESÔ∏èÔ∏è,1
TURBOFI,1
SUSHIBA,1
KONG,1
BIGBOOBS,1
ICS,1
JOE2,1
MINION,1
SHSUN,1
RYUKYU,1
CQT,1
REDTUBE,1
SIAE,1
RUNESCAPE,1
AGTOKEN,1
BITDOGE,1
‚≠êSTAR,1
FAIRY,1
SRDEER,1
KEL,1
ABU84,1
BEESHU,1
RAE,1
XTBN,1
BLACKROCK,1
AIRMAFIA,1
TESTU,1
üê©AHD,1
SPMN,1
KPAD,1
PIX,1
NOTO,1
COUPON,1
DH,1
PAYPAL,1
AKATSUKI,1
JPGC,1
CHIBINFT,1
MYST,1
DOGEUP,1
MUSKROCKET,1
MKISHU,1
BFC,1
DHJ,1
FTK,1
RATS,1
SLIME,1
LPT,1
VACC,1
üßäICE,1
MOONL,1
MOONRUSH,1
ELONWEED,1
AWX,1
TIKASD,1
üçë,1
MIW,1
BERLIN,1
KINGBEAR,1
COE,1
ELONPUP,1
$UNINU,1
 SAFEDOGE ,1
SCAM,1
TANK,1
IOPANDA,1
USUSHIBA,1
JSJF,1
RONAINU,1
SHP,1
POMERANIAN,1
DEFX,1
SOR,1
DLMT,1
GOLDUCK,1
VETS,1
BTC2X-FLI,1
BNBMOTHERSHIP,1
HALFPIPE,1
IRUKA,1
üçÜüëåüí¶,1
DCOCK,1
SAVENIGERIA,1
MATHACK,1
WSG,1
HOH,1
ZILLAINU,1
MOUSEHUNTER,1
FLENIN,1
WW,1
UPHAM,1
GDM,1
SUEHI,1
üê¨DOLPHIN,1
GLONK,1
üé∞SLOTS,1
AIRBNB,1
LGLZ,1
MCN2,1
DROCK,1
SAFEROSE,1
SFR,1
LTK,1
REXNET,1
DEEPSPACE HUSKY,1
LDG,1
KURO,1
LK,1
$MM,1
SPACEH,1
BRBA,1
GOLDINU,1
üöòTESLA,1
FAZR,1
AMBERSWAP,1
VX,1
YOGISWAP,1
üöÄRR,1
UHC,1
FREDI,1
KHAN,1
SHIM,1
ELONMARS,1
SBH,1
DOGEMHB,1
KISSMYMOON,1
HNSTN,1
MICROSOFTÔ∏è,1
DAILYS,1
TEM,1
KYS,1
DFLY,1
BLACKDOGE,1
USEQ,1
MCH,1
GLCH,1
TSX,1
‚úß LEGION,1
JBC,1
UP YOURS ELON,1
TGINU,1
ISRAHELL,1
JUTSU,1
DCM,1
SCHERETROLO,1
MOONFINANCE,1
YFX,1
CATTYSWAP,1
ALN,1
FNFT,1
SPACEMOON,1
ODIN,1
REFLECT,1
L,1
MUSK,1
GANG,1
FEG,1
YP,1
MULTIPLANET,1
PNGN,1
BYRD,1
EPIK,1
BARKINGDOG,1
GEMüíé,1
HSPT,1
XCM,1
SCOOTER,1
DOIN,1
üê¢TURTLE,1
üêµAPE,1
JASS,1
SCHIZOPHRENIA,1
DOGELAND,1
CUMEX,1
INTEL,1
CHELSEA,1
ECT,1
MORPHE,1
INUSWAP,1
SAYLOR,1
LB5,1
üß± BRICK,1
PITVITALIK,1
üçü MCFINANCE,1
KNLT,1
 SAFERUG ,1
SDAO,1
AMZN,1
TZV,1
MMNY,1
RDP,1
BCN,1
FCN,1
ROK,1
POMAKITA,1
CLAMBO,1
CHARITYMOON,1
ILY,1
ATARI,1
GOLDSHIBA,1
MYCASH,1
TMS,1
üçíCHERRY,1
BRAZZERSüî•,1
MATHCHAIN,1
LS,1
$CD,1
ETHSTAR,1
SKATEBOARDÔ∏è,1
A.C.A.B.,1
MOONFOXY,1
MICROTOKEN,1
NC,1
SMARS,1
SPEPE,1
GIGA,1
SUSHI,1
üöÄELON,1
COOKIE,1
SKISHU,1
SALE,1
DAPH,1
BOT,1
AXE,1
RAINMAN,1
MCDONALD,1
BRUN,1
MOONSD,1
KINGTUT,1
KLEVER,1
KYUUSYUU,1
SVT,1
TUNA,1
‚ÑôPAYPAL,1
T.ME/THEDOGEFATHERCOIN,1
SHIBASAMURAI,1
SHIT17,1
XFD,1
SUSTAIN,1
DYNAVAP,1
ROCKPAPERX,1
DWTB,1
SNAP,1
KH,1
X325,1
ABCDEF,1
SHSAUR,1
RGN,1
FLYEMIRATES,1
TUCK,1
VTX,1
WTC,1
PLMR,1
BRITCOIN,1
KWIK,1
FIFASS,1
BCNTITS,1
ENK,1
BRAVEMOON,1
REDSTREETBETS,1
PANDAMAX,1
MOONPOWDER,1
BOWL,1
BALTER,1
SOHA,1
UDONS,1
BULLSHIT,1
VESPULA,1
NFTV,1
MOC,1
BULLDOGE,1
CFT,1
ETHREX,1
MOONBEAT,1
POP,1
MMN,1
OTT,1
NANOTEC,1
ALPHA,1
GEMINI,1
MOONCLUE,1
POLX,1
EVLF,1
VEG,1
JUSTUP,1
SECRETMOON,1
ZDR,1
HMP,1
LOSH26,1
INCREDOG,1
LAMA,1
HF3,1
SOCCER,1
CYNKA,1
DAX,1
SWASS,1
JYB,1
VTY,1
ETR,1
AATFINANCE,1
ELONPUSSY,1
BLTR,1
STARZ,1
üêπHAMMIES,1
BOOBIES,1
PUMPTY,1
MEM,1
IC,1
HANI,1
MEGA,1
INIX,1
üçÜEGGPLANTÔ∏è,1
ELKI,1
LBC,1
ACTIVE,1
IKE,1
GLH,1
VIT,1
ZAPCOM,1
FL3X,1
MIGOS,1
KUSH,1
FHC,1
HAPPYFACE,1
LF,1
FIREFOX,1
BIRBY,1
MOMO,1
PKG,1
ROCKETVAULT,1
SG,1
CYBERPROTOTYPE,1
ü¶ÜDONALDDUCK,1
SPINU,1
FSS,1
TOKEN,1
TSL,1
VDG,1
üçôRICE,1
COCA,1
CRISPYSWAP,1
DONOTPAE,1
MHUB,1
ESQUIRE,1
PIKASHIBA,1
SAEMARS,1
EKO,1
JPNKITABSC,1
M,1
WOLF,1
üê©POODLE,1
ALGO,1
DISCORD,1
MOONPOCHIINU,1
üá∫üá∏  TRIMP,1
GHAPPY,1
MFI,1
EBAY,1
CHONG,1
JDK,1
ELONTRUST,1
GDOG,1
BLACKSHEEP,1
FIWO,1
POKEMON,1
CATARINA,1
JOESTAR,1
MICROSOFT,1
LCX,1
PINKELON,1
GLX,1
FBK,1
KAZU,1
TELEGRAM,1
SJUMP,1
SGM,1
SLCH,1
&#127769; &#120132;&#120160;&#120160;&#120159; &#127769;,1
INF,1
TYK,1
FLD,1
POKENFT,1
SEC,1
BLOX,1
MEMY,1
üîç GOOGLE,1
POKEMON_CAMPFIRE,1
LIQUIDITYMOON,1
OSHIB,1
üí≤SDO,1
ROCKETMOONüöÄüåë,1
TBEAM,1
AC,1
MERINO,1
MOONSWAP,1
DOLLARDOGE,1
$HYPER,1
MP5,1
ROCK,1
GRIZZLYSWAP,1
KING,1
TD1,1
MARS,1
DUTCH,1
MOONGATES,1
FREL,1
CUBA,1
LMB,1
PCHINA,1
WRAPPER,1
‚ö´ BLACKCIRCLE,1
DMINU,1
$CUM,1
WINWINüöÄ,1
VEGAN,1
ABR,1
WEB,1
GO,1
DIGI,1
HARLEY,1
DT,1
NFTPUNKSTER,1
ENE,1
HONG,1
MPAD,1
TDN,1
WTS,1
SQUINUüêø,1
ü•ûCAKE,1
BULB,1
SNIPE,1
BEC,1
CUMP,1
OASIS,1
STARWARS,1
WEST,1
SSHK,1
BABYCAT,1
SCOTTISHFOLD,1
VAN,1
HYF,1
REDFIN,1
CESHI0,1
AVL,1
ALPHADOG,1
MOONROCKS,1
VANCAT,1
VOL,1
REDDITCOIN,1
PMOON,1
UMN,1
CHARMANDER,1
MOONCRY,1
SYMPHONY,1
DOGES,1
FRESH.FINANCE,1
SOLAR,1
BNSW,1
NB,1
DEIMOS,1
OGO,1
DIRECAT,1
APESHIT,1
MD,1
TDY,1
PUPPYPIE,1
MERRY,1
UBT,1
MILKER,1
ZECBIT,1
TONE,1
SAFEGALAXY,1
POPITCOIN,1
FOXM,1
PROTON,1
GUCCIDOGE,1
KLA,1
GRC,1
RUSH,1
$ATHENA,1
TEST2,1
SFP,1
SSHARK,1
LION,1
CFARM,1
NS,1
NIGINU,1
BMA,1
MOONYODA,1
SPACEBUNNY,1
SURPLUSELON,1
ESTATE,1
ICHIKAWAFINANCE,1
KORBEN,1
TOSAINU,1
OXYGEN,1
BEARZ,1
HACOV,1
BTCDOW,1
KIDS,1
ü™ê SAFESATURN,1
SAFET1,1
KINGINUüëë,1
SOMBREROMOON,1
MGPC,1
